"","AME_R","LO_R","NO","BU_R","PB","LH_R","LAL_R","SAD","CAN_R","AMMC_R","ICL_R","VES_R","IB_R","ATL_R","CRE_R","MB_PED_R","MB_VL_R","MB_ML_R","FLA_R","LOP_R","EB","AL_R","ME_R","FB","SLP_R","SIP_R","SMP_R","AVLP_R","PVLP_R","IVLP_R","PLP_R","AOTU_R","GOR_R","MB_CA_R","SPS_R","IPS_R","SCL_R","EPA_R","GNG","PRW","GA_R","AME_L","LO_L","BU_L","LH_L","LAL_L","CAN_L","AMMC_L","ICL_L","VES_L","IB_L","ATL_L","CRE_L","MB_PED_L","MB_VL_L","MB_ML_L","FLA_L","LOP_L","AL_L","ME_L","SLP_L","SIP_L","SMP_L","AVLP_L","PVLP_L","IVLP_L","PLP_L","AOTU_L","GOR_L","MB_CA_L","SPS_L","IPS_L","SCL_L","EPA_L","GA_L"
"Ntwk1",32.7016899338722,754.057310800882,0,0,0,0,0,0,0,0,0,0,0,0,0,0,0,0,0,1412.27773695812,0,0,4400.98383541514,0,0.282145481263777,0,0,0.540044085231447,3.96767083027186,0.0646583394562821,5.16458486407054,0.570168993387215,0,0,0,1.34239529757531,0,0,0.0822924320352682,0,0,0,0.0999265246142542,0,0,0,0,0,0,0,0,0,0,0,0,0,0,0.969875091844232,0,3.60323291697281,0,0,0,0,0,0,0.529022777369581,0,0,0,0,0,0,0,0
"Ntwk2",0,0,0,0,0,0,0,0,0,0,0,0,0,0,0,0,0,0,0,0,0,0,4.72550607287449,0,0,0,0,0,0,0,0.00647773279352227,0,0,0,0,0.280161943319838,0,0,0,0,0,39.7182186234818,762.628340080972,0,11.1287449392713,0,0,0,0,0,0,0,0,0,0,0,0,1377.70688259109,0,3761.94251012146,11.6663967611336,0,0,0.602429149797571,8.182995951417,0,4.17813765182186,1.8914979757085,0,0,0.116599190283401,1.63967611336032,0,0,0
"Ntwk3",0.174257425742574,7.17623762376238,0,0,0,0,0,0.24950495049505,0,0,0.213861386138614,0.118811881188119,0.720792079207921,0,0,0,0,0,0,1.51287128712871,0.340594059405941,0,4.57821782178218,0.554455445544555,0,0,0.41980198019802,0.0871287128712871,3.78613861386139,0,3.16930693069307,0.00792079207920792,1.44950495049505,0,2.15445544554455,0.00792079207920792,0.728712871287129,0.110891089108911,2.51782178217822,0.823762376237624,0,8.92178217821782,4332.16336633663,0,26.6475247524752,0.205940594059406,0,0,7.60495049504951,0,1.39405940594059,0.324752475247525,0.475247524752475,19.4920792079208,3.93663366336634,3.73069306930693,0,620.327722772277,0,553.573267326733,45.890099009901,20.3217821782178,0.673267326732673,95.7584158415842,666.372277227723,3.33564356435644,407.011881188119,315.750495049505,1.99009900990099,2.84356435643564,65.9861386138614,10.1960396039604,15.619801980198,0.0712871287128713,0
"Ntwk4",8.58688147295742,4424.90563866513,0.20253164556962,0,0.76409666283084,18.7318757192175,0.548906789413119,0,0,0,3.94476409666283,0.0644418872266974,0.414269275028769,0.266973532796318,2.21864211737629,34.7882623705408,6.84004602991945,7.76064441887227,0,599.837744533947,0.0736478711162255,0,327.380897583429,0.0736478711162255,25.8860759493671,16.8365937859609,0.754890678941312,102.331415420023,758.945914844649,2.7433831990794,415.914844649022,453.678941311853,2.29919447640967,1.38089758342923,41.6754890678941,5.35788262370541,16.6271576524741,0.531645569620253,13.8550057537399,1.42692750287687,0,0,5.82738780207135,0,0.451093210586881,0,0,0,0.0736478711162255,0,0.40506329113924,0,0,0,0.40506329113924,0,0,14.8308400460299,0,2.90909090909091,0.478711162255466,0.313003452243959,0.30379746835443,0.110471806674338,1.7307249712313,0,1.39010356731876,0.441887226697353,0.86536248561565,0,2.19102416570771,0,0,0.184119677790564,0
"Ntwk5",19.0247349823322,3407.08480565371,0,0.103651354534747,0,0.772673733804476,0,0,0,0,0.424028268551237,0.555948174322733,0.103651354534747,0,0.508833922261484,1.6301531213192,0.433451118963486,0.0188457008244994,0,456.282685512367,0,0,1253.72909305065,0.122497055359246,1.02709069493522,0.0282685512367491,0.150765606595995,99.0294464075383,1367.58892815077,15.3627797408716,43.8574793875147,6.53003533568905,0.405182567726737,0.612485276796231,1.5924617196702,3.39222614840989,0.216725559481743,0,83.4028268551237,1.5359246171967,0,0,5.60659599528857,0,0,0,0,0,0,0,0.207302709069494,0,0,0,0.179034157832744,0,0.0848056537102474,0.471142520612485,0,3.73144876325088,0,0.0942285041224971,0.584216725559482,0,2.38398115429918,0,0.876325088339223,2.57243816254417,0.0471142520612485,0,2.20494699646643,0,0,0.0659599528857479,0
"Ntwk6",0,2.21761658031088,0.290155440414508,0,0.632124352331606,0,0,0.0310880829015544,0,0,0,0,0,0,0,0,0.186528497409326,0.0207253886010363,0,0.839378238341969,0.963730569948187,0,3.81347150259067,0,0,0.518134715025907,1.2020725388601,1.60621761658031,2.51813471502591,0,1.61658031088083,2.38341968911917,0.580310880829015,0,0.808290155440414,0.330310880829016,0.33160621761658,0,11.8860103626943,0,0,33.050518134715,3292.80829015544,0,0.580310880829015,0,0,0.145077720207254,0.590673575129534,3.63730569948187,0.549222797927461,0,0.829015544041451,4.55958549222798,4.7979274611399,4.69430051813471,0,669.534974093264,0,2169.4792746114,2.33549222797927,0,1.01554404145078,295.857512953368,1182.0932642487,11.7240932642487,114.160621761658,14.6075129533679,0.725388601036269,4.74611398963731,14.3082901554404,17.8588082901554,1.38860103626943,0,0
"Ntwk7",0,0,0.342612419700214,0,4.38543897216274,0.0342612419700214,0,0.137044967880086,0,0,0,0,0,0,0.0513918629550321,0,0.0342612419700214,0,0,0,22.2869379014989,0,0,7.79443254817987,0,0,0,0,0,0,0.0171306209850107,0,0,0.0685224839400428,0,0,0,0,0,0,0,8.23340471092077,44.117773019272,0,3440.53961456103,1.2847965738758,0,1.593147751606,47.7173447537473,0.137044967880086,0.599571734475375,0.0171306209850107,172.10278372591,452.250535331906,346.695931477516,1013.62098501071,0,0,1.31905781584582,60.1541755888651,1106.92077087794,109.372591006424,111.164882226981,289.072805139186,79.7259100642398,0.447537473233405,166.340471092077,4.17987152034261,0.119914346895075,1017.02355460385,2.20985010706638,0,304.873661670236,0,0.873661670235546
"Ntwk8",1.07289293849658,109.881548974943,1.40318906605923,0.0182232346241458,0.200455580865604,0,5.53986332574032,169.765375854214,0,91.1708428246014,11.9817767653759,4.3371298405467,4.44646924829157,0,0.637813211845103,0.182232346241458,0.801822323462415,0,0,32.8428246013667,1.67653758542141,1.02050113895216,1150.78587699317,18.8359908883827,3.13439635535308,2.36902050113895,2.07744874715262,157.667425968109,103.189066059226,30.0501138952164,38.3302961275626,1.53075170842825,19.49430523918,0,18.8929384965831,0.564920273348519,1.80410022779043,2.24145785876993,204.683371298405,0.0728929384965831,0.382687927107062,5.86788154897494,1629.70159453303,0.364464692482916,21.1343963553531,2.33940774487472,0,85.6492027334852,71.6537585421412,3.75398633257403,6.0501138952164,1.3120728929385,0.273348519362187,14.0660592255125,0.949886104783599,0,0.364464692482916,403.617312072893,0.0911161731207289,619.815489749431,137.587699316629,14.5899772209567,2.00455580865604,6395.79043280182,2528.63097949886,81.0751708428246,534.072892938497,103.699316628702,18.8428246013667,2.46013667425968,86.0273348519362,176.861047835991,35.1799544419134,4.61731207289294,0
"Ntwk9",0,0,0,0,10.3744292237443,1.47945205479452,0.0182648401826484,7.61187214611872,0,3.10502283105023,109.24200913242,0,0,0.45662100456621,381.65296803653,712.413242009132,720.328767123288,1707.77853881279,0,0,73.5890410958904,0,0,0,2.57534246575342,224.538812785388,58.0730593607306,0,0.255707762557078,0,81.1027397260274,0.831050228310502,0,1429.8904109589,0.0730593607305936,0,109.778538812785,0,136.038812785388,15.1963470319635,1.04109589041096,0,0,0,0,0,0,4.23744292237443,0,0,0,0,0.273972602739726,0,0,10.1187214611872,0.127853881278539,0,0,0,0,0,0,0,0,0,0,0,0,0,0,0,0,0,0
"Ntwk10",45.0756501182033,1881.70685579196,0,0.718676122931442,0.472813238770686,46.016548463357,0.643026004728132,29.7872340425532,0,19.3167848699764,26.1205673758865,0.226950354609929,0,0,5.37115839243499,15.0543735224586,2.11820330969267,15.451536643026,0,168.555555555556,1.34278959810875,0.0567375886524823,891.132387706856,0.58628841607565,47.8723404255319,9.77777777777778,0.907801418439716,5755.89834515366,3725.26713947991,171.676122931442,817.855791962175,54.2387706855792,4.95508274231678,12.2505910165485,21.6359338061466,93.8250591016548,32.338061465721,2.47281323877069,53.5224586288416,0,0,0,0,0,0,0,0,9.21040189125296,0,0,0,0,0,0,0,0,0,0,0,0,0,0,0,2.59101654846336,0,0,0,0,0,0,0,0,0,0,0
"Ntwk11",0.579710144927536,45.5434782608696,0,0,2.55072463768116,5766.06038647343,2.39613526570048,0.367149758454106,0,0.135265700483092,90.2342995169082,0.289855072463768,1.48792270531401,9.95893719806763,118.823671497585,220.80193236715,84.4420289855072,591.792270531401,0,0,2.66666666666667,1.93236714975845,33.0434782608696,0.676328502415459,1868.08937198068,212.231884057971,165.685990338164,492.067632850242,402.050724637681,7.98067632850242,427.615942028986,63.0386473429952,8.05797101449275,622.538647342995,0.367149758454106,1.41062801932367,445.490338164251,0.560386473429952,0,0,1.83574879227053,0,0,0,0,0,0,0,0,0,0,0,0.154589371980676,0,1.14009661835749,0.714975845410628,0,0,0,0,2.51207729468599,0.231884057971014,0.985507246376812,0,0,0,0,0,0,0,0,0,0,0,0
"Ntwk12",0,0,1.36676217765043,0,4.65616045845272,0,18.0888252148997,2244.44985673352,1.94842406876791,470.587392550143,0,95.0974212034384,0,0.114613180515759,0,0,0,0,2.08595988538682,0,0,50.9111747851003,0,132.137535816619,0,0,0.160458452722063,60.3495702005731,77.8395415472779,662.555873925501,25.6246418338109,0,0.73352435530086,0,438.489971346705,1402.42693409742,0,16.7363896848138,2441.25214899713,47.6790830945559,0,0,1.39828080229226,0,1.03151862464183,0.0229226361031519,73.7765042979943,1036.04584527221,0,111.157593123209,1.46704871060172,15.1747851002865,0,0,0,0,5.70773638968481,7.90830945558739,3.73638968481375,0,0,0,3.73638968481375,100.011461318052,56.8624641833811,1038.91404011461,74.3954154727794,0,0.464183381088825,1.2378223495702,653.710601719198,750.504297994269,9.48997134670487,4.70773638968481,0
"Ntwk13",0,0,6.56071428571429,0.4,11.4678571428571,4.65714285714286,1.85714285714286,7.84642857142857,0,0,0.0857142857142857,0.714285714285714,0.885714285714286,0,0.885714285714286,0,1.91785714285714,14.3714285714286,0.885714285714286,0,11.8928571428571,0,0,49.8321428571429,31.2857142857143,9.91428571428571,75.775,0,0,0,4.34285714285714,0.2,0,9.70357142857143,0,0,1.2,0,60.9714285714286,20.625,0,1.08571428571429,305.228571428571,2.55357142857143,2270.65,5.25714285714286,0,0.0571428571428571,327.314285714286,23.6035714285714,11.6571428571429,16.35,155.721428571429,125.946428571429,196.807142857143,265.735714285714,15.1142857142857,0,1.24285714285714,166.028571428571,4162.01071428571,889.167857142857,2360.23214285714,1874.45714285714,476.7,36.5428571428571,782.535714285714,236.4,92.3928571428571,472.546428571429,52.6392857142857,5.78928571428571,981.342857142857,28.3714285714286,0.857142857142857
"Ntwk14",0,0,2.28571428571429,0,7.52380952380952,0,0.0317460317460317,0,0,0,0.53968253968254,0,0,0,0,0,0,0,0.0952380952380952,0,0,0,0,338.888888888889,0,0,0.0317460317460317,0,0,0,0,0,0,0,0,0,0.222222222222222,0,370.579365079365,126.138888888889,0,0,0,2.12698412698413,1878.77777777778,190.428571428571,0,8,136.337301587302,105.59126984127,74.5833333333333,7.14285714285714,27.015873015873,78.984126984127,0,8.66666666666667,6.76984126984127,0,4174.98015873016,0,202.134920634921,0.666666666666667,27.2380952380952,0.444444444444444,2.22222222222222,0,0.603174603174603,0.126984126984127,10.6746031746032,1065.93650793651,0,0,177.575396825397,0,0.571428571428571
"Ntwk15",0,0,0.444444444444444,0,1064.10317460317,0,0.0317460317460317,0,0,0,0,0,20.1269841269841,138.329365079365,0,0,0,0,0,0,142.936507936508,0,0,3585.59920634921,0,0,57.0634920634921,0,0.285714285714286,0,0,0,0,0,0,0,0,0,0,0,0,0,0,27.3412698412698,0,899.043650793651,0,0,19.047619047619,0,10.3928571428571,51.3134920634921,1592.98015873016,8.07142857142857,0,48.1071428571429,0,0,0,0,0,0,1.36507936507937,271.547619047619,179.93253968254,100.575396825397,0.0317460317460317,0,0,0,0,0.55952380952381,0,0.698412698412698,352.246031746032
"Ntwk16",0,0,1.75298804780876,0,968.278884462151,0,1185.74900398406,0,0,0,0.605577689243028,0,8.22709163346614,33.3107569721116,1893.82470119522,0.892430278884462,0.0318725099601594,92.2390438247012,0,0,196.996015936255,0,0,3501.27490039841,0,0,5.00398406374502,13.390438247012,233.94422310757,47.4701195219124,39.9362549800797,0,0,0,0,39.1274900398406,0,13.1314741035857,0,0,145.270916334661,0,0,0,0,0,0,0,0,0,25.601593625498,262.374501992032,0,0,0,0,0,0,0,0,0,0,38.3745019920319,0,0,0,0,0,0,0,0,0,0,0,0
"Ntwk17",0,0,11.907949790795,0,38.1380753138075,0,0.669456066945607,0,0,0,70.0585774058577,0,212.744769874477,0,5.38912133891213,0,0,14.4142259414226,0,0,698.983263598326,0,0,6181.28870292887,0,0,0,0,0,0,0,0,32.5983263598326,0,52.6066945606695,0,0,0,0,0,0.669456066945607,0,0,0.602510460251046,0,0,0,0,0,0,0,0,3.11297071129707,0.167364016736402,0,5.53974895397489,0,0,0,0,0,0,0,0,0,0,0,0,0,0,0,0,0,0,0
"Ntwk18",0,0,17.4444444444444,0,57.3205128205128,0,0,0,0,0,0.512820512820513,0,1.47008547008547,0.376068376068376,13.8461538461538,2.01709401709402,0,28.0683760683761,0,0,831.115384615385,0,0,5943.55555555556,0,0,0,0,0,0,0,0,0.277777777777778,0,0,0,0,0,0,0,3.48717948717949,0,0,11.5897435897436,0,0.170940170940171,0,0,289.384615384615,0,57.6752136752137,0.444444444444444,19.1880341880342,11.5213675213675,0.0683760683760684,44.5897435897436,0,0,0,0,0,1.81196581196581,0.205128205128205,0,0,0,0,0,43.7136752136752,1.09401709401709,111.551282051282,0,0.273504273504274,0,4.75213675213675
"Ntwk19",0,0,3.43859649122807,0,397.956140350877,0,202.543859649123,0,0,0,12.0482456140351,0,16.7763157894737,58.1535087719298,314.609649122807,0.0350877192982456,0,281.44298245614,0,0,733.842105263158,0,0,4913.38596491228,6.73684210526316,0,108.114035087719,0,0.385964912280702,0,0,0,0.385964912280702,0,1.54385964912281,0,0,0,0,0,21.0877192982456,0,0,3.40350877192982,0,280.80701754386,0,0,68.3157894736842,0,13.5131578947368,79.6754385964912,320.728070175439,5.85964912280702,0,180.754385964912,0,0,0,0,10.1052631578947,0,72.8815789473684,0,0,0,0,3.12280701754386,2.28070175438596,2.6140350877193,7.01754385964912,0,0,0,12.3377192982456
"Ntwk20",0,0,3.50943396226415,0,883.622641509434,0,0.113207547169811,0,0,0,298.533018867925,0.60377358490566,97.377358490566,4.18867924528302,0,0,0,79.0801886792453,0,0,1130.71226415094,0,0,2385.1320754717,0,0,0,0.0377358490566038,0.30188679245283,0,0,0,12.5660377358491,5.58490566037736,24.3820754716981,0,0,0,0,0,0,0,0,40.8867924528302,0,674.02358490566,0,0,35.8537735849057,0,2.0377358490566,2.22641509433962,1350.2358490566,11.1320754716981,0,271.740566037736,0,0,0,0,0,0,1.24528301886792,288.547169811321,170.646226415094,77.6462264150943,0.0754716981132075,0,0,0,0,0.415094339622642,0,0.452830188679245,382.132075471698
"Ntwk21",9.07281553398058,430.082524271845,2.99029126213592,0.116504854368932,15.6504854368932,6.67961165048544,1.00970873786408,55.2233009708738,0,0.461165048543689,59.1456310679612,1.63106796116505,4.82038834951456,0,163.378640776699,264.349514563107,361.980582524272,631.728155339806,0,737.339805825243,45.4368932038835,0,269.519417475728,2.25242718446602,109.631067961165,126.252427184466,19.7669902912621,287.058252427184,36.8446601941748,13.4126213592233,283.626213592233,34.1359223300971,4.66019417475728,469.747572815534,64.5922330097087,269.854368932039,28.3495145631068,1.63106796116505,555.029126213592,0.543689320388349,0,33.1504854368932,539.339805825243,0.543689320388349,4.46601941747573,5.8252427184466,0,0.932038834951456,31.4174757281553,0.116504854368932,0.985436893203884,0,57.9417475728155,172.854368932039,259.145631067961,328.854368932039,0,578.169902912621,0,620.033980582524,2.56310679611651,28.621359223301,29.5922330097087,13.631067961165,30.6407766990291,20.8252427184466,417.956310679612,17.2038834951456,9.63106796116505,306.174757281553,192.529126213592,290.276699029126,63.5339805825243,4.66019417475728,0.621359223300971
"Ntwk22",0,103.350253807107,3.85279187817259,0,43.2893401015228,0.730964467005076,0,108.065989847716,20.2639593908629,16.9086294416244,71.756345177665,7.85279187817259,234.162436548223,29.751269035533,0,0,0,0,11.6700507614213,23.2284263959391,0,0,1.01522842639594,91.9390862944162,8.44670050761421,0,19.492385786802,0,0,1.38071065989848,26.8071065989848,0,7.76142131979695,1.50253807106599,296.507614213198,69.3857868020305,20.994923857868,0.527918781725888,132.796954314721,14.9035532994924,0,21.5939086294416,1250.84263959391,1.58375634517767,160.248730964467,1.50761421319797,109.756345177665,19.2690355329949,1690.38578680203,79.736040609137,1579.98984771574,55.7055837563452,13.3197969543147,241.081218274112,3.81725888324873,11.3705583756345,37.746192893401,403.61421319797,29.8883248730964,4915.75634517767,338.908629441624,26.0710659898477,144.208121827411,466.41116751269,447.035532994924,60.0964467005076,1616.64974619289,114.497461928934,256.41116751269,15.8121827411168,4570.07106598985,1283.02030456853,803.091370558376,23.9441624365482,0
"Ntwk23",0,0,6.7005076142132,1.25888324873096,89.1928934010152,0,0,0,0,0,18.8426395939086,0,70.2131979695431,37.5228426395939,30.0862944162437,4.02030456852792,0,67.0406091370558,0,0,721.888324873096,0,0,5378.10659898477,0,0,14.2944162436548,0,0,0,0,0,0.690355329949239,0,0.406091370558376,0,0,0,0,0,0,0,0,0.446700507614213,0,0,0,0,85.5634517766497,0,22.6598984771574,14.4365482233503,43.4822335025381,0.406091370558376,0,35.3857868020305,0,0,0,0,0,0,14.9847715736041,0,0,0,0,0,7.59390862944162,0,18.3553299492386,0,0,0,1.6243654822335
"Ntwk24",0,83.248730964467,1.42131979695431,2.39593908629442,14.0913705583756,50.4263959390863,3.85786802030457,0.0406091370558376,0,0,29.1776649746193,4.30456852791878,2.04568527918782,13.4162436548223,1327.03045685279,184.97461928934,410.152284263959,1898.84263959391,36.756345177665,228.994923857868,226.299492385787,1.05583756345178,1.2994923857868,89.1015228426396,511.593908629442,483.624365482233,2478.36040609137,54.9847715736041,12.7106598984772,15.5126903553299,46.4670050761421,1072.23350253807,0.243654822335025,271.086294416244,4.30456852791878,24.9746192893401,67.756345177665,4.34517766497462,0.411167512690355,8.42639593908629,3.69543147208122,0,0,2.13705583756345,0.365482233502538,0,0,0,18.8375634517766,0,0,2.35532994923858,517.695431472081,199.842639593909,132.451776649746,1128.76649746193,1.6751269035533,0,0,0,80.1776649746193,236.857868020305,1277.82741116751,13.1065989847716,1.2994923857868,0,0.284263959390863,884.380710659898,0.527918781725888,82.741116751269,3.85279187817259,1.82741116751269,21.5583756345178,0,2.9238578680203
"Ntwk25",0,300.702564102564,8.51794871794872,6.1948717948718,43.1333333333333,13.3025641025641,16.9230769230769,263.235897435897,5.78461538461538,40.0461538461538,692.169230769231,65.6974358974359,345.969230769231,68.4461538461538,21.0871794871795,9.92820512820513,15.8358974358974,1.06666666666667,0,0.82051282051282,7.01538461538462,4.75897435897436,0,650.794871794872,54.7589743589744,61.8974358974359,166.876923076923,332.410256410256,231.015384615385,66.5076923076923,371.707692307692,69.8974358974359,168.333333333333,2.07179487179487,1013.6358974359,403.020512820513,219.215384615385,21.2769230769231,149.548717948718,0,0,0,689.928205128205,3.31794871794872,93.825641025641,24.7282051282051,10.2051282051282,65.7692307692308,2876.87179487179,70.1230769230769,1105.61025641026,150.471794871795,11.6102564102564,45.774358974359,12.6410256410256,1.27179487179487,0.0820512820512821,0,0.656410256410256,6.4,313.887179487179,172.435897435897,872.353846153846,2303.95897435897,1080.35897435897,49.2974358974359,1024.60512820513,107.333333333333,380.866666666667,5.04615384615385,2491.13333333333,394.579487179487,1147.54871794872,70.8512820512821,0.615384615384615
"Ntwk26",0,0,0,0,9.6063829787234,1982.02659574468,227.936170212766,1.1063829787234,0,6.01063829787234,65.0425531914894,61.7393617021277,55.468085106383,6.46808510638298,45.218085106383,85.7021276595745,0,3.31914893617021,7.70212765957447,0,0,3675.25,0,367.712765957447,33.8031914893617,0,35.5425531914894,1.57446808510638,1.70212765957447,0,15.4468085106383,0,7.5531914893617,805.446808510638,0,0,306.106382978723,0,594.63829787234,150.127659574468,3.15425531914894,0,0,0,0,0,0,0,0,0,0,0,0,0,0,0,6.72340425531915,0,0,0,0,0,0,0,0,0,0,0,0,0,0,0,0,0,0
"Ntwk27",0,0,30.2921348314607,0,974.011235955056,0,925.623595505618,0,0,0,0.674157303370786,0,0,0,1479.47191011236,2.94943820224719,0,380.224719101124,0,0,853.674157303371,0,0,2339.93820224719,0,0,0.359550561797753,6.16292134831461,197.432584269663,29.8651685393258,28.3595505617978,0,0.134831460674157,0,0,33.4438202247191,0,7.46067415730337,0,0,130.056179775281,0,0,1.75280898876405,0,0,0,0,531.926966292135,0.0898876404494382,13.8426966292135,8.13483146067416,9.93258426966292,0.629213483146067,0,67.8820224719101,0,0,0,0,0,0.764044943820225,0,0,0,0,0,0,14.0393258426966,18.0898876404494,44.2247191011236,0,0,0,1.97752808988764
"Ntwk28",0,607.977401129943,215.779661016949,4.51977401129944,5.19774011299435,75.1638418079096,5828.8813559322,134.050847457627,12.6553672316384,34.4971751412429,194.033898305085,1986.72881355932,266.361581920904,32.9943502824859,1627.46327683616,48.0112994350282,75.6610169491525,640.310734463277,76.1581920903955,107.016949152542,208.802259887006,28.7005649717514,845.649717514124,243.700564971751,20.9717514124294,228.378531073446,488.683615819209,603.485875706215,406.350282485876,806.683615819209,758.949152542373,82.2994350282486,194.587570621469,49.4915254237288,2474.16949152542,2035.37288135593,93.6949152542373,845.299435028249,636.118644067797,11.4802259887006,37.0677966101695,0,0,0,0,0,0,0,0,0,2.07909604519774,0,9.67231638418079,0,1.5819209039548,126.960451977401,4.51977401129944,0,0,0,0,0.271186440677966,10.8474576271186,0,0,0,0,1.31073446327684,0,0,1.53672316384181,0,0,0,0
"Ntwk29",0,0,0,0,2.75862068965517,0,0,0,0,0,0,0,0,0,0.367816091954023,0,0.0919540229885057,4,0,0,52.1379310344828,0,0,3.54022988505747,0,0.0459770114942529,0,0,0,0,0,0,0,0.0919540229885057,0,0,0,0,0,0,0,0,0,0.735632183908046,13.7931034482759,7.81609195402299,0,0,42.4367816091954,1.14942528735632,1.19540229885057,0,268.045977011494,768.64367816092,953.563218390805,1693.51724137931,0,0,7.2183908045977,0,7.40229885057471,36.0459770114943,142.620689655172,0,0,0,23.448275862069,10.4367816091954,0.32183908045977,1552.41379310345,0,0,254.896551724138,0,1.83908045977011
"Ntwk30",0,0,5.5028901734104,0.786127167630058,2.40462427745665,13.7803468208092,3.79190751445087,2085.47976878613,28.9942196531792,269.595375722543,7.67630057803468,108.075144508671,5.42196531791908,1.89595375722543,4.16184971098266,0.971098265895954,1.94219653179191,0.508670520231214,0,0,0.323699421965318,4.34682080924855,0,57.2947976878613,0,3.14450867052023,0.786127167630058,33.0924855491329,185.156069364162,600.728323699422,287.531791907514,0,8.46820809248555,0.601156069364162,747.751445086705,971.485549132948,6.79768786127168,17.4624277456647,527.364161849711,0,0,0,73.8959537572254,0.92485549132948,0.786127167630058,17.1271676300578,19.271676300578,876.682080924856,2.49132947976879,107.040462427746,1.61849710982659,0,0.046242774566474,0,0,0.092485549132948,0,206.658959537572,33.4277456647399,0.69364161849711,0.554913294797688,4.16184971098266,0,178.768786127168,102.017341040462,2603.19075144509,130.71098265896,0,5.35260115606936,0,961.086705202312,1154.32947976879,2.45086705202312,26.1734104046243,0
"Ntwk31",0,0,2.23391812865497,0.187134502923977,8.8421052631579,2151.52046783626,375.280701754386,0.233918128654971,0,14.7894736842105,129.187134502924,90.6842105263158,60.4678362573099,11.1461988304094,46.2690058479532,156.877192982456,0,0,9.02923976608187,0,0.187134502923977,6377.76023391813,0,390.74269005848,164.795321637427,0.140350877192982,39.4269005847953,7.48538011695906,24.5614035087719,1.02923976608187,71.0994152046784,0,4.47953216374269,651.058479532164,23.6491228070175,30.7368421052632,358.350877192982,0,172.988304093567,28.0116959064327,0.187134502923977,0,0,0,0,0,0,0,0,0,0,0,0,0,0,0,0,0,0,0,0,0,0,0,0,0,0,0,0,0,0,0,0,0,0
"Ntwk32",0,0,239.62962962963,14.5925925925926,452.771604938272,31.7530864197531,683.70987654321,2.22222222222222,0,0.148148148148148,57.6604938271605,43.9012345679012,28.1604938271605,142.925925925926,1826.43827160494,23.7839506172839,65.5493827160494,564.981481481482,0,0,1293,2.37037037037037,0,5198.53703703704,69.3024691358025,371.154320987654,677.450617283951,3.95061728395062,27.5308641975309,82.4814814814815,74.7592592592593,58.5740740740741,18.8827160493827,17.1728395061728,76.6604938271605,157.833333333333,184.271604938272,46.320987654321,15.4567901234568,0,115.722222222222,0,28.2469135802469,46.9938271604938,48.6913580246914,681.543209876543,0,0.197530864197531,180.901234567901,26.7160493827161,21.0555555555556,94.9506172839506,1794.05555555556,64.2962962962963,58.5740740740741,390.228395061728,0.691358024691358,0,0.0987654320987654,0,143.067901234568,582,646.074074074074,117.277777777778,74.7345679012346,318.024691358025,97.5555555555556,74.3641975308642,29.4074074074074,69.4074074074074,144.049382716049,114.567901234568,147.827160493827,16.8395061728395,183.617283950617
"Ntwk33",0,364.761006289308,7.0440251572327,1.15723270440252,3.69811320754717,3.16981132075472,28.0566037735849,1147.14465408805,2.0125786163522,145.308176100629,0.60377358490566,39.4779874213836,0.849056603773585,1.15723270440252,1.15723270440252,1.26415094339623,4.83018867924528,0,0.10062893081761,157.188679245283,6.62893081761006,6.84276729559748,0,101.314465408805,0,0.60377358490566,2.71698113207547,13.5974842767296,125.220125786164,362.446540880503,227.276729559748,51.1698113207547,8.70440251572327,0,324.40251572327,882,5.93710691823899,8.9622641509434,627.85534591195,0.60377358490566,0,0,1594.05031446541,0.10062893081761,16,206.572327044025,82.0943396226415,373.477987421384,64.0377358490566,209.779874213836,17.8301886792453,9.34591194968553,115.012578616352,39.9119496855346,35.062893081761,20.6163522012579,12.188679245283,1216.94968553459,8.18867924528302,4.59119496855346,16.1006289308176,61.6100628930818,46.1383647798742,394.176100628931,153.798742138365,1554.04402515723,703.352201257862,267.018867924528,22.9308176100629,1.45911949685535,1094.53459119497,1417.57232704403,13.1698113207547,232.578616352201,2.06289308176101
"Ntwk34",0,1235.74842767296,8.65408805031447,30.6352201257862,23.2138364779874,152.40251572327,34.6163522012579,96.2012578616352,0.30188679245283,23.8490566037736,3235.93081761006,16.4025157232704,769.767295597484,175.421383647799,52.6415094339623,38.9308176100629,72.251572327044,28.811320754717,0,191.396226415094,20.0754716981132,88.7044025157233,5.27044025157233,1093.42767295597,411.396226415094,270.22641509434,976.150943396226,3037.24528301887,2188.55974842767,57.559748427673,1211.33962264151,311.635220125786,622.270440251572,18.7610062893082,790.037735849057,249.911949685535,1055.48427672956,127.295597484277,79.1949685534591,0,1.50943396226415,0,96.314465408805,1.91194968553459,21.0377358490566,10.9182389937107,0.754716981132076,0,854.918238993711,4.83018867924528,128.440251572327,34.9748427672956,9.64779874213836,14.3836477987421,18.0566037735849,10.2138364779874,0,0.60377358490566,0,0.150943396226415,189.767295597484,103.905660377358,171.352201257862,331.704402515723,213.937106918239,3.06918238993711,231.050314465409,123.459119496855,119.018867924528,1.45911949685535,583.471698113208,46.8427672955975,261.51572327044,16.251572327044,0
"Ntwk35",0,0,4.88607594936709,0,2.32911392405063,6.78481012658228,29.2658227848101,591.462025316456,3.43037974683544,301.177215189873,0.151898734177215,47.2594936708861,0,1.92405063291139,26.2784810126582,1.62025316455696,6.17721518987342,135.784810126582,1518.54430379747,0,26.7088607594937,146.398734177215,0,6.9873417721519,42.1772151898734,55.9493670886076,1122.85443037975,55.746835443038,29.873417721519,39.5949367088608,1.26582278481013,5.9746835443038,1.21518987341772,6.26582278481013,28.4556962025316,61.0126582278481,1.06329113924051,5.41772151898734,2109.1835443038,1315.12025316456,0.354430379746835,0,0,0,6.0253164556962,34.4810126582278,1.89240506329114,309.987341772152,0,66.5696202531646,0.20253164556962,0,55.1075949367089,2.43037974683544,9.72151898734177,228.348101265823,1449.26582278481,0,34.3291139240506,0,75.7088607594937,47.5506329113924,903.620253164557,36.4050632911392,15.6962025316456,14.9873417721519,1.31645569620253,8.81012658227848,2.07594936708861,1.06329113924051,40.4050632911392,5.51898734177215,1.9746835443038,2.48101265822785,2.37974683544304
"Ntwk36",0,157.333333333333,108.215277777778,39.2638888888889,28.9583333333333,1196.15972222222,281.652777777778,242.854166666667,42.9861111111111,45.8611111111111,365.708333333333,298.298611111111,161.319444444444,38.5,3171.19444444444,33.6666666666667,255.583333333333,1216.40972222222,107.409722222222,0,255.354166666667,4.27777777777778,0,751.659722222222,1433.13888888889,1712.47916666667,6050.52083333333,1930.81944444444,832.465277777778,119.388888888889,299.152777777778,186.270833333333,259.104166666667,303.319444444444,400.819444444444,193.1875,512.291666666667,118.270833333333,680.770833333333,24.3888888888889,9.22222222222222,0,0,22.8819444444444,360.861111111111,47.7361111111111,32.9236111111111,46.9027777777778,447.916666666667,98.0763888888889,125.770833333333,50.5069444444444,2433.75,76.6597222222222,322.701388888889,1023.38194444444,77.6666666666667,0,0,0,971.208333333333,1392.19444444444,5721.52083333333,1203.48611111111,354.548611111111,90.2430555555556,162.298611111111,107.493055555556,245.159722222222,258.701388888889,312.118055555556,67.2986111111111,415.527777777778,54.9791666666667,4.72222222222222
"Ntwk37",6.81617647058824,353.919117647059,65.1029411764706,47.9338235294118,40.4191176470588,2743.69852941176,1734.03676470588,374.522058823529,110.007352941176,66.625,3350.86029411765,4852.90441176471,2612.38970588235,267.477941176471,611.029411764706,364.514705882353,140.147058823529,428.235294117647,1030.92647058824,0,55.4191176470588,1374.36029411765,927.169117647059,996.867647058824,2073.11764705882,750.955882352941,2035.82352941176,2190.29411764706,2707.03676470588,1585.38235294118,4015.47058823529,366.213235294118,684.911764705882,403.669117647059,4450.09558823529,1304.50735294118,2997.11029411765,124.588235294118,2112.47794117647,291.279411764706,2.23529411764706,0,0,5.64705882352941,0,4.76470588235294,13.4338235294118,0,127.617647058824,8.11764705882353,231.485294117647,43.4558823529412,31.5735294117647,15.5294117647059,0,16.7867647058824,46.3161764705882,0,0,0,12.1397058823529,10.7867647058824,194.389705882353,0.117647058823529,1.64705882352941,2.76470588235294,11.3529411764706,3.70588235294118,32.8455882352941,0.294117647058824,206.080882352941,19.5588235294118,40.0514705882353,0,1.17647058823529
"Ntwk38",0,0,0.17910447761194,0,1.37313432835821,0,1067.76865671642,6.6044776119403,0,19.2014925373134,0,69.7537313432836,5.06716417910448,0,149.962686567164,0,0,1.58208955223881,100.410447761194,0,16.1194029850746,45939.8731343284,0,9.41791044776119,0,0,0,6.90298507462687,3.1044776119403,14.0746268656716,0,0,0,6.14925373134328,3.1044776119403,0,0,0,277.529850746269,144.335820895522,2.38059701492537,0,0,0,0,10.1492537313433,0,0,0,0,0,0,0,0,0,0,0,0,0.119402985074627,0,0,0,0,2.86567164179104,1.49253731343284,2.62686567164179,0,0,0,0,8.47761194029851,0,0,0,0
"Ntwk39",0,0,77.8582089552239,5.25373134328358,48.4029850746269,13.0298507462687,58.134328358209,670.410447761194,14.6044776119403,0.0597014925373134,117.074626865672,209.283582089552,274.813432835821,33.7910447761194,7.8955223880597,2.07462686567164,3.04477611940298,30.1492537313433,52.9477611940299,0,46.1567164179104,1.3134328358209,0,646.261194029851,22.9701492537313,45.3731343283582,326.074626865672,4.36567164179105,7.40298507462687,14.3134328358209,84.7985074626866,1.73134328358209,70.3134328358209,9.75373134328358,517.888059701493,262.44776119403,70.6194029850746,34.0223880597015,2296.81343283582,369.582089552239,0,1.55223880597015,828.776119402985,8.66417910447761,2143.74626865672,2060.63432835821,183.246268656716,117.440298507463,3812.0447761194,5237.58955223881,2211.29850746269,174.761194029851,416.507462686567,574.611940298507,29.3134328358209,143.298507462687,832.701492537313,17.5522388059701,1067.48507462687,835.39552238806,1446.42537313433,547.156716417911,1627.08208955224,4400.38059701493,2541.5223880597,2354.34328358209,3583.30597014925,86.7313432835821,761.134328358209,146.649253731343,6472.85820895522,1314.73134328358,2782.57462686567,272.65671641791,8.77611940298507
"Ntwk40",0,0,163.496240601504,24.1954887218045,33.7218045112782,16.3759398496241,4747.96240601504,440.578947368421,93.4661654135338,108.781954887218,431.669172932331,1285.96992481203,126.315789473684,49.1578947368421,2961.48120300752,85.5037593984962,138.127819548872,366.503759398496,157.045112781955,0,219.954887218045,4.84962406015038,0,882.917293233083,51.9022556390977,320.917293233083,822.406015037594,556.135338345865,641.533834586466,651.09022556391,970.075187969925,287.992481203008,276.96992481203,1.35338345864662,1214.02255639098,2504.14285714286,67.2631578947368,1223.58646616541,232.293233082707,0.240601503759398,127.924812030075,0,10.3458646616541,3.12781954887218,0,627.714285714286,90.7368421052632,66.8872180451128,20.9172932330827,440.330827067669,94.0676691729323,8.4812030075188,103.075187969925,8.06015037593985,10.2330827067669,33.9172932330827,142.669172932331,251.729323308271,0,0,30.0225563909774,98.3383458646616,78.0075187969925,62.8721804511278,45.4962406015038,123.067669172932,86.6616541353384,59.3984962406015,60.7669172932331,0,503.834586466165,145.022556390977,5.86466165413534,88.4285714285714,18.1052631578947
"Ntwk41",0,0,14.0307692307692,0,75.9153846153846,0.430769230769231,0,0,0,0,28.2461538461538,0,39.8769230769231,17.8461538461538,36.6846153846154,0,0,66.8923076923077,0,0,802.438461538462,0,0,5580.39230769231,0,1.72307692307692,44.1307692307692,0,0,0,0,0,4.06153846153846,0.8,8,0,5.10769230769231,0,0,0,2.33846153846154,0,0,0.369230769230769,0,0,0,0,39.8769230769231,0,62,40.5769230769231,27.6769230769231,0,0,33.3615384615385,0,0,0,0,0,0,32.8923076923077,0,0,0,0,0,1.29230769230769,0,3.69230769230769,0,0,0,0
"Ntwk42",0,0,0,0,25.6153846153846,0,0,58.4,0,0,1061.09230769231,0,3605.34615384615,28.9230769230769,0,0.346153846153846,0,0,0,0,0,0,77.2307692307692,55.9538461538462,0,0,12.3692307692308,0,2.33846153846154,0,15.5769230769231,0,32.6538461538462,0,2092.52307692308,0,7.69230769230769,0,0.246153846153846,0,0,0,93.2307692307692,0,0,0,15.0846153846154,56.1769230769231,2657.76153846154,0.753846153846154,6684.30769230769,255.707692307692,0,203.669230769231,0,0,0,0,0,0,0,0,10.0461538461538,0,0.369230769230769,4.43076923076923,74.4538461538462,0,38.9461538461538,0,12998.6153846154,449.407692307692,14.2076923076923,0,0
"Ntwk43",0,0,26.5161290322581,0,1075.61290322581,0,0,0,0,0,246.951612903226,0,103.774193548387,0,0,0,0,78.8064516129032,0,0,1116.22580645161,0,0,5155.45967741936,0,0,0,0,0,0,0,0,11.2983870967742,1.03225806451613,41.0161290322581,0,0,0,0,0,0,0,0,16.5806451612903,0,1481.77419354839,0,0,10.3225806451613,0,0,0,1260.04032258065,0,0,229.459677419355,0,0,0,0,0,0,0,0,0,0,0,0,0,0,0,0,0,2.64516129032258,7.29032258064516
"Ntwk44",0,0,0,0,1.69105691056911,0,0,0.845528455284553,0,0,0,0,0,0,0,0,0,5.46341463414634,0,0,65.9837398373984,0,0,1.36585365853659,0,0,0,0,0,0,0,0,0,0,0,0,0,0,109.853658536585,0,0,0,0,1.43089430894309,0.195121951219512,0,0,0,32.7235772357724,0,0,0,303.089430894309,728.666666666667,1100.61788617886,1414.0406504065,0,0,0,0,4.55284552845528,33.2764227642276,105.593495934959,0.0650406504065041,0,0,23.739837398374,3.2520325203252,0,1345.0081300813,0,0,220.390243902439,0,1.36585365853659
"Ntwk45",19.1788617886179,2010.45528455285,1.0650406504065,7.54471544715447,16.520325203252,152.260162601626,23.9105691056911,424.894308943089,189.20325203252,121.268292682927,1659.64227642276,221.219512195122,1166.30081300813,27.6422764227642,7.21951219512195,206.422764227642,8,32.3252032520325,92.8130081300813,606.544715447154,0,30.6666666666667,8258.15447154472,111.975609756098,281.365853658537,64.9105691056911,102.90243902439,849.170731707317,674.560975609756,76.780487804878,2294.31707317073,70.6341463414634,404.308943089431,23.869918699187,4465.17073170732,3005.61788617886,653.186991869919,61.2845528455285,709.414634146341,9.75609756097561,0.260162601626016,0,105.073170731707,0,12.2926829268293,4.17073170731707,53.8048780487805,4.19512195121951,31.3170731707317,10.0813008130081,331.284552845528,8.32520325203252,4.39024390243902,0,0,0,10.0731707317073,58.6666666666667,0,11.7073170731707,20.8780487804878,0,13.4634146341463,0,0,0,22.6422764227642,0,2.69105691056911,0,415.674796747967,31.5284552845528,21.3983739837398,0.455284552845528,0
"Ntwk46",0,0,209.854700854701,1.41025641025641,40.9487179487179,0,501.25641025641,80.5897435897436,108.376068376068,1.70940170940171,27.017094017094,328.111111111111,125.965811965812,18.5299145299145,354.008547008547,6.76923076923077,6.4957264957265,178.153846153846,100.581196581197,0,320.290598290598,5.52991452991453,0,1491.87179487179,33.0940170940171,141.709401709402,133.324786324786,9.77777777777778,48.3760683760684,38.1367521367521,102.606837606838,35.4188034188034,32.3418803418803,0,324.803418803419,143.051282051282,16.4786324786325,70.9230769230769,147.239316239316,27.4871794871795,15.1367521367521,0,587.282051282051,35.4102564102564,159.777777777778,4417.01709401709,89.982905982906,58.9487179487179,799.111111111111,1228.64957264957,213.213675213675,87.991452991453,3548.10256410256,165.376068376068,101.461538461538,538.641025641026,134.623931623932,162.119658119658,30.025641025641,12.008547008547,74.4188034188034,698.042735042735,1552.16239316239,513.205128205128,252.717948717949,1047.47863247863,583.615384615385,108.333333333333,226.034188034188,112.25641025641,1556.18803418803,433.65811965812,154.606837606838,1066.35897435897,126.230769230769
"Ntwk47",0,0,219.863247863248,0,7.1025641025641,0,0.0683760683760684,218.034188034188,2.94017094017094,0,0,1.16239316239316,0,8,6.11111111111111,0,0,53.2735042735043,0.82051282051282,0,187.213675213675,0,0,307.786324786325,0,0,0,0,0.136752136752137,0,0.341880341880342,0,0,0,0.0683760683760684,0.64957264957265,0,0.0683760683760684,578.837606837607,3.8974358974359,0,3.98290598290598,373.709401709402,1.43589743589744,50.9401709401709,6456.17948717949,45.5299145299145,71.2478632478633,252.991452991453,2415.04273504273,307,63.5897435897436,1224.89743589744,83.008547008547,37.3333333333333,519.367521367521,20.0854700854701,43.3846153846154,10.1880341880342,1096.66666666667,150.111111111111,176.495726495727,367.470085470085,1106.74358974359,300.871794871795,1764.57264957265,766.555555555556,107.897435897436,154.803418803419,48.3418803418803,3775.15384615385,1441.99145299145,141.487179487179,1215.08547008547,24.1538461538462
"Ntwk48",0,0,5.91304347826087,0,235.04347826087,10.6782608695652,246.95652173913,0,0,0,20.7304347826087,10.7130434782609,36.5565217391304,76.7391304347826,780.834782608696,0.695652173913043,103.469565217391,220.147826086957,2.57391304347826,0,1062.97391304348,5.63478260869565,0,6033.41739130435,118.147826086957,196.547826086957,1839.57391304348,1.32173913043478,34.504347826087,16.2086956521739,27.4086956521739,0,0.347826086956522,30.4521739130435,0.626086956521739,6.4695652173913,51.0695652173913,13.1478260869565,0,1.32173913043478,26.0869565217391,0,0,0.765217391304348,9.62608695652174,8.76521739130435,0,0,48.9130434782609,0.973913043478261,66.7913043478261,92.4347826086957,160.834782608696,4.66086956521739,96.6521739130435,57,0,0,0,0,53.1565217391304,152.826086956522,2438.44347826087,0.626086956521739,0.0695652173913043,3.47826086956522,23.3826086956522,1.25217391304348,0,57.5130434782609,2.08695652173913,0,44.5130434782609,0,0.626086956521739
"Ntwk49",0,0,0.385964912280702,0,0,0,0.359649122807018,0.210526315789474,0,0,0,0.0701754385964912,0,0,0.0701754385964912,0,0,0,0,0,9.75438596491228,0.140350877192982,0,6.10526315789474,0,0,0,0,0,0,0,0,0,0,0,0,0,0,17.3333333333333,0.210526315789474,0,0,0,0,2.03508771929825,1363.08771929825,0,26.7368421052632,3.2280701754386,132.745614035088,7.50877192982456,0,177.412280701754,0,0,1.04385964912281,44.3771929824561,0,42751.3421052632,0,0,0,0,17.4122807017544,0,0,0,0,1.47368421052632,18.8070175438597,0,0,5.19298245614035,0,1.6140350877193
"Ntwk50",0,210.414414414414,361.648648648649,30.4234234234234,34.3603603603604,913.468468468468,2834.63063063063,1747.01801801802,217.441441441441,240.063063063063,363.45045045045,1462.18918918919,457.099099099099,95.6576576576577,3170.3963963964,69.7567567567568,132.846846846847,724.117117117117,624.288288288288,0,993.630630630631,6153.24324324324,0,3490.72972972973,561.936936936937,1060.33333333333,1655.78378378378,847.720720720721,694.342342342342,603.576576576577,559.405405405405,188.900900900901,241.423423423423,166.648648648649,1061.67567567568,704.738738738739,398.45045045045,174.261261261261,2076.17117117117,195.396396396396,120.207207207207,0,0,43.2972972972973,1377.1981981982,2079.30630630631,202.477477477477,278.081081081081,442.468468468468,954.540540540541,393.891891891892,130.414414414414,1585.99099099099,120.981981981982,54.4414414414414,485.027027027027,498.405405405405,0,6488.09009009009,0,564.594594594595,696.018018018018,1055.23423423423,691.504504504505,287.81981981982,589.693693693694,433.108108108108,23.3693693693694,144.054054054054,258.756756756757,997.918918918919,304.702702702703,462.783783783784,70.9009009009009,56.7927927927928
"Ntwk51",0,0,6.19626168224299,0.822429906542056,1227.15887850467,0,558.616822429907,0,0,0,0,0,0,0.672897196261682,409.056074766355,0.598130841121495,0,375.056074766355,0,0,1074.17757009346,0,0,4032.57943925234,0,0,1.1214953271028,0,0,0,0,0,0.149532710280374,0,0,0,0,0,0,0,1.94392523364486,0,0,21.2336448598131,0,659.299065420561,0,0,587.196261682243,0.97196261682243,13.4579439252336,159.990654205607,420.485981308411,20.1121495327103,1.42056074766355,382.018691588785,0,0,0,0,0,1.79439252336449,1.34579439252336,0,0,0,0,0,18.2242990654206,0,45.3457943925234,0,0.224299065420561,0,8.07476635514019
"Ntwk52",0,0,0,0,14.3679245283019,0,0,108.150943396226,0.30188679245283,60.4716981132075,2539.68867924528,0.990566037735849,7984.92452830189,332.745283018868,0,73.2264150943396,0,0,0,0,0,0,0,59.7735849056604,0,0,4.68867924528302,0,0,1.45283018867925,420.61320754717,0,56.9056603773585,0,13810.5188679245,696.792452830189,1.82075471698113,0,31.6792452830189,0,0,0,0,0,0,0,0,0,1611.51886792453,0,3206.00943396226,0,0,0.60377358490566,0,0,0,0,0,0,0,0,0,0,0,0,0,0,24.8018867924528,0,2569.96226415094,0,0,0,0
"Ntwk53",0,0,670.685714285714,2.28571428571429,573.923809523809,0,0,0,0,0,40.0857142857143,0,82.9619047619048,21.4095238095238,19.1238095238095,22.9333333333333,12.4190476190476,22.6952380952381,0,0,218.066666666667,0,0,920.333333333333,0,4.34285714285714,2.43809523809524,0,0,0,0,18.2857142857143,0,0.990476190476191,0.457142857142857,0,0,0,0,0,9.75238095238095,0,0,0.466666666666667,0,0,0,0,54.3619047619048,0,59.8095238095238,22.247619047619,11.3809523809524,0.257142857142857,0,12.3619047619048,0,0,0,0,0,0,1.21904761904762,0,0,0,0,0,0.838095238095238,0,4.26666666666667,0,0,0,0.0761904761904762
"Ntwk54",1.16504854368932,3.10679611650485,2.1747572815534,4.11650485436893,1.83495145631068,499.466019417476,0.233009708737864,3.49514563106796,0,0,132.106796116505,6.44660194174757,16.6407766990291,58.4660194174757,36.7184466019417,16.1553398058252,397.31067961165,89.0097087378641,15.3009708737864,0,13.126213592233,8.23300970873786,0,58.0388349514563,4485.50485436893,1498.35922330097,8301.74757281553,685.902912621359,344.728155339806,0.349514563106796,384.174757281553,219.252427184466,37.3592233009709,328.398058252427,11.1844660194175,5.66990291262136,573.980582524272,9.47572815533981,12.0388349514563,0.0776699029126214,0,0,0,0,0,0,0,0,0,0,0,0,0.543689320388349,0,7.37864077669903,0.621359223300971,14.0582524271845,0,0,12.1165048543689,51.4174757281553,16.0776699029126,576.145631067961,0,0,0,0,0,0,0,0,0,0,0,0
